word,target 1,target 2,target,triviality_1,triviality_2,triviality
mastiff,different countries,,different countries,29,100,29
hederal,ivy,,ivy,0,100,0
orthographical,orthography,right lines or angles,right lines or angles,91,34,34
bibitory,drinking or tippling,,drinking or tippling,38,100,38
alvine,belly or the intestines,,belly or the intestines,50,100,50
peripatetic,philosophy taught by Aristotle,,philosophy taught by Aristotle,36,100,36
speculative,vision,speculation in land,vision,24,82,24
linnaean,Linnæus,,Linnæus,43,100,43
midday,noon,,noon,0,100,0
metropolitan,capital or principal city of a country,metropolitan or the presiding bishop of a country or province,capital or principal city of a country,42,100,42
strigine,owls,,owls,17,100,17
leporine,hare,hare,hare,50,50,50
acetic,vinegar,,vinegar,17,100,17
plastic,molding or modeling,,molding or modeling,29,100,29
viminal,twigs,,twigs,20,100,20
binaural,both ears,,both ears,38,100,38
toreutic,sculpture in relief,chasing such as surface ornamentation in metal,chasing such as surface ornamentation in metal,50,38,38
iatric,medicine,,medicine,33,100,33
clupeoid,Herring family,,Herring family,18,100,18
interlunar,time when the moon,,time when the moon,40,100,40
glossal,tongue,,tongue,17,100,17
noetic,intellect,,intellect,40,100,40
hirundine,swallows,,swallows,0,100,0
numismatical,coins,,coins,40,100,40
muraenoid,genus Muræna,,genus Muræna,33,100,33
testudinarious,shell of a tortoise,,shell of a tortoise,30,100,30
helical,or in the form of,,or in the form of,29,100,29
eleventh,interval of the octave and the fourth,,interval of the octave and the fourth,38,100,38
gnathic,jaw,,jaw,33,100,33
palpebral,eyelids,,eyelids,29,100,29
nilotic,river Nile,,river Nile,29,100,29
arundinaceous,reed,,reed,50,100,50
turbinaceous,peat,,peat,25,100,25
nonylenic,or designating,,or designating,35,100,35
propaedeutical,preliminary instruction,,preliminary instruction,36,100,36
blessed,spiritual happiness,,spiritual happiness,43,100,43
calymene,Silurian age,,Silurian age,38,100,38
tibiotarsal,both to the tibia and the tarsus,tibiotarsus,both to the tibia and the tarsus,55,82,55
penal,punishment,criminal jurisprudence: as:,criminal jurisprudence: as:,40,40,40
gremial,lap or bosom,,lap or bosom,29,100,29
lesbian,island anciently called Lesbos,,island anciently called Lesbos,46,100,46
rosaceous,natural order of plants,,natural order of plants,33,100,33
arenilitic,sandstone,,sandstone,32,100,32
convival,feast or to festivity,,feast or to festivity,25,100,25
ottrelite,certain crystalline schists,,certain crystalline schists,44,100,44
binominal,two names,,two names,38,100,38
saturnine,lead,,lead,25,100,25
enharmonical,that one of the three kinds of musical scale,,that one of the three kinds of musical scale,42,100,42
trigeminal,fifth pair of cranial nerves,,fifth pair of cranial nerves,40,100,40
pestalozzian,system of elementary education which combined manual training with other instruction,,system of elementary education which combined manual training with other instruction,33,100,33
temporal,temple or temples,time,time,62,50,50
simious,Simian,,Simian,50,100,50
isohyetose,lines connecting places on the earth's surface which have a mean annual rainfall,,lines connecting places on the earth's surface which have a mean annual rainfall,40,100,40
fidicinal,stringed instrument,,stringed instrument,44,100,44
cambrian,Cambria or Wales,lowest subdivision of the rocks of the Silurian or Molluscan age,lowest subdivision of the rocks of the Silurian or Molluscan age,75,50,50
quartan,fourth,,fourth,50,100,50
norwegian,Norway,,Norway,53,100,53
physical,nature,physics,nature,17,86,17
popish,pope,Roman Catholic Church,Roman Catholic Church,75,33,33
characterize,to make,,to make,29,100,29
chelidonic,celandine,,celandine,56,100,56
apostolic,pope or the papacy,,pope or the papacy,33,100,33
ambrosian,St,,St,0,100,0
metabolic,metamorphosis,change,change,56,17,17
spiraeic,meadowsweet,,meadowsweet,25,100,25
technical,,,,0,100,0
compromise,religious factions,,religious factions,30,100,30
semicubical,square root of the cube of a quantity,,square root of the cube of a quantity,36,100,36
sacchulmic,acid obtained as a dark amorphous substance by the long-continued boiling of sucrose with very dilute sulphuric acid,,acid obtained as a dark amorphous substance by the long-continued boiling of sucrose with very dilute sulphuric acid,50,100,50
uxorial,wife,,wife,25,100,25
arbuscular,dwarf tree,,dwarf tree,30,100,30
productus,Carboniferous rocks,,Carboniferous rocks,44,100,44
turndown,incandescent lamp with a small additional filament which can be made incandescent when only a small amount of light is required,,incandescent lamp with a small additional filament which can be made incandescent when only a small amount of light is required,38,100,38
syphilodermatous,cutaneous manifestations of syphilis,,cutaneous manifestations of syphilis,44,100,44
pharisaical,Pharisees,,Pharisees,56,100,56
artocarpeous,breadfruit,,breadfruit,36,100,36
elapine,cobras,,cobras,17,100,17
noematical,understanding,,understanding,40,100,40
solpugid,Solifugæ,,Solifugæ,53,100,53
hemal,or on the side with,,or on the side with,40,100,40
ranunculaceous,natural order of plants,,natural order of plants,36,100,36
cretacic,period of time following the Jurassic and preceding the Eocene,,period of time following the Jurassic and preceding the Eocene,50,100,50
hypothenar,prominent part of the palm of the hand above the base of the little finger,,prominent part of the palm of the hand above the base of the little finger,50,100,50
scorbutic,scurvy,,scurvy,50,100,50
sylvicoline,family of warblers,,family of warblers,28,100,28
rascal,common herd or common people,,common herd or common people,33,100,33
dactylar,finger or toe,,finger or toe,12,100,12
carnose,flesh,,flesh,20,100,20
vegetable,plants,,plants,17,100,17
jugular,throat or neck,jugular vein,throat or neck,29,100,29
mammiferous,Mammalia,,Mammalia,50,100,50
independent,or holding to the doctrines or methods of,,or holding to the doctrines or methods of,36,100,36
vexillary,ensign or standard,vexillum,ensign or standard,33,75,33
oscan,Osci,,Osci,50,100,50
thematic,theme of a word,theme,theme of a word,50,80,50
cervical,neck,,neck,33,100,33
oriskany,latest period of the Silurian age,latest period of the Silurian age,latest period of the Silurian age,50,50,50
recto-uterine,both the rectum and the uterus,,both the rectum and the uterus,46,100,46
crural,thigh or leg,,thigh or leg,33,100,33
molar,mass of matter,molar teeth,mass of matter,42,100,42
nosocomial,hospital,,hospital,56,100,56
wardian,kind of glass inclosure for keeping ferns,,kind of glass inclosure for keeping ferns,43,100,43
metavanadic,vanadic acid analogous to metaphosphoric acid,,vanadic acid analogous to metaphosphoric acid,36,100,36
rhodian,Rhodes,,Rhodes,50,100,50
columnar,certain igneous rocks,,certain igneous rocks,38,100,38
fringilline,finches,,finches,44,100,44
carthaginian,ancient Carthage,,ancient Carthage,50,100,50
intercostal,parts between the ribs,,parts between the ribs,45,100,45
voluntary,will,voluntaryism,will,25,100,25
nummular,coin or money,,coin or money,25,100,25
vitelline,yolk of eggs,,yolk of eggs,22,100,22
fin de siecle,close of the 19th century,,close of the 19th century,38,100,38
topical,place,,place,40,100,40
fresh-water,or living in,,or living in,9,100,9
tithonic,those rays of light which produce chemical effects,,those rays of light which produce chemical effects,50,100,50
mannish,masculine,,masculine,43,100,43
vidual,state of a widow,,state of a widow,36,100,36
amatorial,lover or to love making,,lover or to love making,33,100,33
oestrian,gadflies,,gadflies,25,100,25
cadastral,landed property,,landed property,33,100,33
local,particular place,,particular place,40,100,40
roman,Rome,Rome,Rome,50,50,50
pneumogastric,lungs and the stomach,,lungs and the stomach,38,100,38
way-going,one who goes away,,one who goes away,33,100,33
cerebro-spinal,brain and spinal cord,,brain and spinal cord,46,100,46
britannic,Great Britain,,Great Britain,56,100,56
auditive,hearing,,hearing,27,100,27
aleutic,chain of islands between Alaska and Kamtchatka,,chain of islands between Alaska and Kamtchatka,29,100,29
pavonine,genus Pavo,,genus Pavo,38,100,38
photochemical,it,,it,50,100,50
apocalyptic,revelation,,revelation,32,100,32
desquamative,or attended with,,or attended with,25,100,25
topgallant,third spars in order from the deck,,third spars in order from the deck,30,100,30
vexillar,ensign or standard,vexillum,ensign or standard,31,75,31
orectic,desires,,desires,29,100,29
eurasian,both Europe and Asia,,both Europe and Asia,50,100,50
loimic,plague or contagious disorders,,plague or contagious disorders,33,100,33
oneirocritical,interpretation of dreams,,interpretation of dreams,43,100,43
plantar,sole of the foot,,sole of the foot,17,100,17
high-minded,elevated principles and feelings,,elevated principles and feelings,27,100,27
metasilicic,such an acid,,such an acid,27,100,27
neolithic,era characterized by late remains in stone,,era characterized by late remains in stone,33,100,33
nervomuscular,both nerves and muscles,,both nerves and muscles,50,100,50
taxidermic,art of preparing and preserving the skins of animals,,art of preparing and preserving the skins of animals,30,100,30
physiology,life,,life,25,100,25
color,good health and spirits,,good health and spirits,40,100,40
wedded,wedlock,,wedlock,50,100,50
high-church,or favoring,,or favoring,18,100,18
miliolitic,genus Miliola,,genus Miliola,50,100,50
annual,year,,year,25,100,25
noonday,midday,,midday,50,100,50
madrilenian,Madrid in Spain,,Madrid in Spain,55,100,55
glyphic,sculpture or carving of any sort,,sculpture or carving of any sort,15,100,15
asiatic,Asia or to its inhabitants,,Asia or to its inhabitants,43,100,43
wifelike,wife or a woman,,wife or a woman,50,100,50
multiphase,generator producing,,generator producing,20,100,20
confession,one's self,,one's self,53,100,53
appurtenant,some more important thing,,some more important thing,55,100,55
sulphotungstic,hypothetical sulphacid of tungsten,,hypothetical sulphacid of tungsten,50,100,50
testamentary,will,,will,0,100,0
half-tone,half tones,plates,plates,89,40,40
priest,God,,God,0,100,0
cadmean,Cadmus,,Cadmus,50,100,50
presidiary,garrison,,garrison,25,100,25
sardonic,kind of linen made at Colchis,,kind of linen made at Colchis,25,100,25
heliocentrical,sun's center,,sun's center,42,100,42
glyptic,gem engraving,,gem engraving,29,100,29
primipilar,captain of the vanguard of a Roman army,,captain of the vanguard of a Roman army,30,100,30
tiglic,acid,,acid,25,100,25
scioptic,optical arrangement for forming images in a darkened room,,optical arrangement for forming images in a darkened room,25,100,25
vernal,spring,,spring,33,100,33
seljukian,Seljuk,dynasty founded by him,dynasty founded by him,83,33,33
polygonaceous,natural order of apetalous plants,,natural order of apetalous plants,46,100,46
meretricious,prostitutes,,prostitutes,45,100,45
obstetrical,midwifery,,midwifery,22,100,22
apocalyptical,revelation,,revelation,30,100,30
uranic,heavens,,heavens,33,100,33
hylic,matter,,matter,0,100,0
devilish,or pertaining to,devil,or pertaining to,38,100,38
ducal,duke,,duke,50,100,50
scriptory,writing,,writing,43,100,43
paleozoic,older division of geological time during which life is known to have existed,,older division of geological time during which life is known to have existed,33,100,33
iridian,iris or rainbow,,iris or rainbow,45,100,45
nummulary,coin or money,,coin or money,27,100,27
calcific,hte portion of the which forms the eggshell in birds and reptiles,,hte portion of the which forms the eggshell in birds and reptiles,38,100,38
orcadian,Orkney Islands,,Orkney Islands,27,100,27
indusial,petrified cases of the larvæ of certain insects,,petrified cases of the larvæ of certain insects,38,100,38
tonsorial,barber,,barber,17,100,17
novilunar,new moon,,new moon,38,100,38
ranine,frogs and toads,region where the swelling occurs,frogs and toads,33,50,33
sapindaceous,order of trees and shrubs,,order of trees and shrubs,50,100,50
law,them,,them,0,100,0
viatic,journey or traveling,,journey or traveling,33,100,33
uropoetic,system of organs which eliminate nitrogenous waste matter from the blood of certain invertebrates,,system of organs which eliminate nitrogenous waste matter from the blood of certain invertebrates,44,100,44
-ic,as,as,as,0,0,0
atramentous,ink,,ink,33,100,33
vaccine,cows,or caused by,cows,25,29,25
hemorrhoidal,or of the nature of,rectum,rectum,33,22,22
ocean,main or great sea,,main or great sea,40,100,40
umbelliferous,natural order,,natural order,31,100,31
formicate,ant or ants,,ant or ants,47,100,47
miniate,color of red lead or vermilion,,color of red lead or vermilion,46,100,46
vatical,prophet,,prophet,14,100,14
amish,followers of Jacob Amman,,followers of Jacob Amman,20,100,20
saurian,or of the nature of,,or of the nature of,43,100,43
arboreal,tree,,tree,50,100,50
vesical,bladder,,bladder,14,100,14
palustrine,or living in,,or living in,32,100,32
gingival,gums,,gums,25,100,25
angevine,Anjou in France,,Anjou in France,38,100,38
erinaceous,hedgehog,,hedgehog,33,100,33
osteoplastic,replacement of bone,,replacement of bone,42,100,42
lacustral,lakes or ponds,,lakes or ponds,44,100,44
apsidal,apsides of an orbit,apse of a church,apse of a church,71,43,43
nuptial,marriage,,marriage,29,100,29
sanitarian,health,,health,25,100,25
elvan,certain veins of feldspathic or porphyritic rock crossing metalliferous veins in the mining districts of Cornwall,,certain veins of feldspathic or porphyritic rock crossing metalliferous veins in the mining districts of Cornwall,40,100,40
hygroscopic,or indicated by,,or indicated by,27,100,27
septentrion,north,,north,40,100,40
urbicolous,city,,city,25,100,25
merino,variety of sheep with very fine wool,,variety of sheep with very fine wool,50,100,50
ventriculite,Cretaceous period,,Cretaceous period,42,100,42
foliar,leaves,,leaves,33,100,33
zeitgeist,any period of time,,any period of time,30,100,30
campanulaceous,family of plants,,family of plants,40,100,40
miocene,middle division of the Tertiary,,middle division of the Tertiary,43,100,43
pragmatic,business or to affairs,,business or to affairs,33,100,33
infernal,lower regions,Pluto's realm of the dead,Pluto's realm of the dead,29,25,25
norse,ancient Scandinavia,,ancient Scandinavia,20,100,20
visual,sight,,sight,20,100,20
plumbous,lead,,lead,25,100,25
cornish,Cornwall,,Cornwall,43,100,43
homiletical,familiar intercourse,homiletics,familiar intercourse,45,90,45
popliteal,ham,,ham,33,100,33
tentiginous,lust,,lust,50,100,50
pontile,pons Varolii,,pons Varolii,43,100,43
glutaric,acid so called,,acid so called,27,100,27
sternocostal,sternum and the ribs,,sternum and the ribs,50,100,50
vocative,calling,,calling,46,100,46
coprolitic,or of the nature of,,or of the nature of,40,100,40
sepidaceous,cuttlefishes of the genus Sepia,,cuttlefishes of the genus Sepia,45,100,45
ischiorectal,region between the rectum and ishial tuberosity,,region between the rectum and ishial tuberosity,50,100,50
cetic,whale,,whale,20,100,20
papistic,Church of Rome and its doctrines and ceremonies,popery,popery,38,33,33
jewish,Jews or Hebrews,Jews or their customs,Jews or their customs,50,50,50
ophite,serpent,,serpent,36,100,36
rabbinic,rabbins or rabbis,opinions,opinions,75,38,38
jovial,god,,god,33,100,33
lumbosacral,loins and sacrum,,loins and sacrum,44,100,44
hydrodynamical,water power,,water power,18,100,18
ottoman,Turks,,Turks,0,100,0
triploblastic,that condition of the ovum in which there are three primary germinal layers,,that condition of the ovum in which there are three primary germinal layers,46,100,46
sulphantimonious,hypothetical sulphacid of antimony,,hypothetical sulphacid of antimony,56,100,56
locomotion,higher animals and some of the lower forms of plant life,,higher animals and some of the lower forms of plant life,40,100,40
yuman,important linguistic stock of North American Indians of the southwestern United States and northwestern Mexico,,important linguistic stock of North American Indians of the southwestern United States and northwestern Mexico,40,100,40
valvular,valve or valves,valves of the heart,valves of the heart,62,50,50
trigonia,Mesozoic rocks,,Mesozoic rocks,25,100,25
philosophistical,love or practice of sophistry,,love or practice of sophistry,56,100,56
universalistic,whole,,whole,20,100,20
filar,thread or line,,thread or line,40,100,40
ovidian,Latin poet Ovid,,Latin poet Ovid,43,100,43
volitive,will,,will,25,100,25
ventral,or situated near,that surface of a carpel,that surface of a carpel,43,43,43
mortuary,dead,,dead,25,100,25
nuchal,back,,back,25,100,25
roral,dew,,dew,0,100,0
sural,calf of the leg,,calf of the leg,20,100,20
drama,it,,it,0,100,0
arctogeal,arctic lands,,arctic lands,56,100,56
extraprovincial,same province or jurisdiction,,same province or jurisdiction,53,100,53
leviratical,which a woman,,which a woman,27,100,27
sartorial,tailor or his work,thesartorius muscle,tailor or his work,44,78,44
magneto-,or in some way connected with,,or in some way connected with,38,100,38
crow,cock,,cock,50,100,50
nominal,name or names,,name or names,43,100,43
noematic,understanding,,understanding,38,100,38
variolous,smallpox,,smallpox,38,100,38
cenatory,dinner or supper,,dinner or supper,38,100,38
grecian,Greece,,Greece,50,100,50
ethological,ethnic or morality,,ethnic or morality,48,100,48
genian,chin,,chin,50,100,50
enharmonic,that one of the three kinds of musical scale,,that one of the three kinds of musical scale,40,100,40
thermotical,heat,,heat,50,100,50
semeiotic,language of signs,signs or symptoms of diseases,signs or symptoms of diseases,33,33,33
pontine,extensive marshy district between Rome and Naples,,extensive marshy district between Rome and Naples,43,100,43
sphygmic,pulse,,pulse,20,100,20
portulacaceous,natural order of plants,,natural order of plants,36,100,36
curule,charoit,kind of chair appropriated to Roman magistrates and dignitaries,kind of chair appropriated to Roman magistrates and dignitaries,33,33,33
myrmicine,small house ant,,small house ant,17,100,17
smithsonian,Englishman J,,Englishman J,38,100,38
ovicular,egg,,egg,0,100,0
anatine,ducks,,ducks,0,100,0
trilinear,or included by,,or included by,44,100,44
aeolian,Æolia or Æolis,wind,wind,57,50,50
judaic,Jews,,Jews,0,100,0
apohyal,portion of the horn of the hyoid bone,,portion of the horn of the hyoid bone,29,100,29
venary,hunting,,hunting,17,100,17
transalpine,region or the people beyond the Alps,,region or the people beyond the Alps,27,100,27
mesocephalic,middle of the head,,middle of the head,40,100,40
oestrual,sexual desire,,sexual desire,50,100,50
smock,smock,woman,woman,100,20,20
fulminic,or denoting,,or denoting,25,100,25
thebaic,Thebes in Egypt,,Thebes in Egypt,43,100,43
biochemistry,life,,life,25,100,25
neuralgic,or having the character of,,or having the character of,44,100,44
scutal,shield,,shield,33,100,33
isodynamic,equality of force,,equality of force,22,100,22
aphthae,thrush,,thrush,33,100,33
wagnerian,style of,,style of,12,100,12
tentative,trial or trials,,trial or trials,33,100,33
xanthomelanous,lighter division of the Melanochroi,,lighter division of the Melanochroi,50,100,50
understair,kitchen,,kitchen,14,100,14
hyoid,bony or cartilaginous arch which supports the tongue,,bony or cartilaginous arch which supports the tongue,40,100,40
phlogopite,crystalline limestone or dolomite and serpentine,,crystalline limestone or dolomite and serpentine,30,100,30
panary,bread or to breadmaking,,bread or to breadmaking,33,100,33
leucosoid,box crab or Calappa,,box crab or Calappa,22,100,22
sciatic,hip,,hip,33,100,33
obituary,death of a person or persons,,death of a person or persons,25,100,25
milanese,Milan in Italy,,Milan in Italy,50,100,50
sphyraenoid,barracudas,,barracudas,30,100,30
neocomian,lower greensand,,lower greensand,33,100,33
muriatic,sea salt,,sea salt,25,100,25
paludinous,genus Paludina,marsh or fen,marsh or fen,67,20,20
eurafric,continents of Europe and Africa combined,,continents of Europe and Africa combined,50,100,50
vulpine,fox,,fox,0,100,0
paludine,marsh,,marsh,20,100,20
taenioid,Tænia,,Tænia,40,100,40
exequial,funerals,,funerals,40,100,40
praecocial,Præcoces,,Præcoces,50,100,50
asclepiadaceous,plants of the Milkweed family,,plants of the Milkweed family,27,100,27
papistical,Church of Rome and its doctrines and ceremonies,popery,Church of Rome and its doctrines and ceremonies,30,33,30
tyrian,Tyre or its people,,Tyre or its people,33,100,33
superparticular,ratio when the excess of the greater term over the less is a unit,,ratio when the excess of the greater term over the less is a unit,40,100,40
guttural,throat,throat,throat,50,50,50
aristocratical,aristocracy,or originating with,or originating with,82,43,43
vesicovaginal,bladder and the vagina,,bladder and the vagina,56,100,56
musal,Muses,,Muses,40,100,40
babylonish,or made in,,or made in,20,100,20
sacerdotal,priests,,priests,29,100,29
caballine,horse,,horse,20,100,20
hermeneutic,interpretation,,interpretation,45,100,45
paschal,passover,,passover,43,100,43
chelonian,animals of the tortoise kind,,animals of the tortoise kind,44,100,44
irish,Ireland or to its inhabitants,,Ireland or to its inhabitants,40,100,40
hyperborean,region beyond the North wind,,region beyond the North wind,36,100,36
erotic,passion of love,,passion of love,17,100,17
araceous,order of plants,,order of plants,38,100,38
wireless,method of telegraphy,,method of telegraphy,38,100,38
lustral,or used for,lustrum,or used for,33,71,33
superciliary,eyebrows,,eyebrows,25,100,25
splanchnic,viscera,,viscera,29,100,29
trigenic,acid,,acid,25,100,25
croceous,saffron,,saffron,29,100,29
stratonic,army,,army,25,100,25
public,people,,people,33,100,33
corniferous,lowest period of the Devonian age,,lowest period of the Devonian age,36,100,36
inframaxillary,lower iaw,,lower iaw,26,100,26
neapolitan,Maples in Italy,,Maples in Italy,50,100,50
abietic,fir tree or its products,,fir tree or its products,29,100,29
epulary,feast or banquet,,feast or banquet,43,100,43
pluvial,rain,,rain,25,100,25
nebulous,or having the appearance of,,or having the appearance of,38,100,38
mullerian,Johannes Müller,,Johannes Müller,44,100,44
extract,that from which it is obtained,,that from which it is obtained,29,100,29
navicular,boat or ship,,boat or ship,22,100,22
effeminate,woman,,woman,40,100,40
riparian,bank of a river,,bank of a river,38,100,38
nasal,nose,,nose,50,100,50
supramaxillary,upper jaw,,upper jaw,44,100,44
gastric,or situated near,,or situated near,29,100,29
gymnastic,disciplinary exercises for the intellect,,disciplinary exercises for the intellect,33,100,33
oppidan,town,,town,36,100,36
violaceous,natural order of plants,,natural order of plants,40,100,40
tory,Tories,,Tories,50,100,50
parian,Paros,,Paros,40,100,40
zoographic,description of animals,,description of animals,40,100,40
silurian,country of the ancient Silures,,country of the ancient Silures,53,100,53
liliaceous,natural order of which the lily,,natural order of which the lily,30,100,30
squaloid,shark or sharks,,shark or sharks,38,100,38
ungular,hoof,,hoof,0,100,0
amygdalic,almonds,,almonds,43,100,43
sciurine,Squirrel family,,Squirrel family,38,100,38
proprietorial,ownership,,ownership,44,100,44
johannean,John,,John,50,100,50
carnic,flesh,hydroscopic monobasic acid,flesh,0,50,0
dermatopathic,skin diseases,,skin diseases,23,100,23
feline,genus Felis,,genus Felis,55,100,55
moslem,Mohammedans,,Mohammedans,33,100,33
circensial,or held in,,or held in,30,100,30
spontaneity,both animal and vegetable organisms,,both animal and vegetable organisms,36,100,36
stearolic,acid of the acetylene series,,acid of the acetylene series,44,100,44
psychic,human soul,mind,human soul,14,25,14
sepulchral,burial,,burial,50,100,50
finnish,Finland,,Finland,43,100,43
subdial,open air,,open air,14,100,14
welter,most heavily weighted race in a meeting,,most heavily weighted race in a meeting,50,100,50
uncial,certain style of letters used in ancient manuscripts,,certain style of letters used in ancient manuscripts,50,100,50
nidamental,or baring,,or baring,22,100,22
metaleptic,metalepsis,or occurring by,or occurring by,80,10,10
angelical,or partaking of the nature of,,or partaking of the nature of,33,100,33
ichthyic,fishes,,fishes,33,100,33
cupuliferous,family of plants ot which the oak and the chestnut are examples,,family of plants ot which the oak and the chestnut are examples,33,100,33
didine,genus Didus,,genus Didus,33,100,33
papal,pope of Rome,Roman Catholic Church,Roman Catholic Church,40,40,40
lateral,sides,,sides,20,100,20
autosuggestion,certain mental conditions in which expectant belief tends to produce disturbance of function of one or more organs,,certain mental conditions in which expectant belief tends to produce disturbance of function of one or more organs,36,100,36
obsequy,burial,,burial,33,100,33
caraboid,genus Carabus,,genus Carabus,53,100,53
lingual,tongue,,tongue,50,100,50
lithic,stone,,stone,20,100,20
augustan,Augustus Cæsar or to his times,town of Augsburg,town of Augsburg,62,38,38
mature,condition of full development,,condition of full development,33,100,33
heliocentric,sun's center,,sun's center,43,100,43
theban,Thebes,,Thebes,50,100,50
primitive,beginning or origin,former time,beginning or origin,33,56,33
promptuary,preparation,,preparation,50,100,50
insensuous,or addressing,,or addressing,30,100,30
french,France or its inhabitants,,France or its inhabitants,50,100,50
moral,those intentions and actions of which right and wrong,,those intentions and actions of which right and wrong,20,100,20
indian,India proper,aborigines,aborigines,67,50,50
ecclesiastical,church,,church,33,100,33
plutonic,Pluto,interior of the earth,interior of the earth,80,14,14
melanic,black-haired races,,black-haired races,43,100,43
cervine,deer,,deer,50,100,50
lacedaemonian,Lacedæmon or Sparta,,Lacedæmon or Sparta,54,100,54
lunar,moon,,moon,25,100,25
bibliopolic,sale of books,,sale of books,27,100,27
epic,kind of narrative poem,,kind of narrative poem,50,100,50
hirudine,leeches,,leeches,27,100,27
stylistic,style in language,,style in language,56,100,56
interhyal,segment sometimes present at the proximal end of the hyoidean arch,,segment sometimes present at the proximal end of the hyoidean arch,44,100,44
malthusian,political economist,,political economist,34,100,34
litigious,legal disputes,,legal disputes,44,100,44
manks,language or people of the of Man,,language or people of the of Man,40,100,40
hermetic,or taught by,system which explains the causes of diseases and the operations of medicine on the principles of the hermetic philosophy,or taught by,25,62,25
natal,one's birth,,one's birth,25,100,25
huronian,certain non-fossiliferous rocks on the borders of Lake Huron,,certain non-fossiliferous rocks on the borders of Lake Huron,50,100,50
linguistical,language,,language,50,100,50
minimal,or having a character of,,or having a character of,43,100,43
english,England,,England,43,100,43
peroneal,fibula,,fibula,17,100,17
elaphine,stag,,stag,25,100,25
placitory,pleas or pleading,,pleas or pleading,56,100,56
orbitosphenoid,sphenoid bone and the orbit,,sphenoid bone and the orbit,43,100,43
erotical,passion of love,,passion of love,25,100,25
cufic,older characters of the Arabic language,,older characters of the Arabic language,40,100,40
neurenteric,both the neuron and the enteron,,both the neuron and the enteron,55,100,55
sylvic,pine or its products,,pine or its products,17,100,17
nymphean,or appropriate to,,or appropriate to,25,100,25
paleogaean,Eastern hemisphere,,Eastern hemisphere,30,100,30
vesper,evening,,evening,33,100,33
palustral,bog or marsh,,bog or marsh,22,100,22
mentomeckelian,chin and lower jaw,,chin and lower jaw,29,100,29
pan-american,both North and South America,,both North and South America,52,100,52
anoetic,"""fringe"" or ""margin"" of consciousness",,"""fringe"" or ""margin"" of consciousness",29,100,29
commissional,or conferring,,or conferring,36,100,36
caseic,cheese,,cheese,50,100,50
comprehensive,several diverse groups,,several diverse groups,38,100,38
hyosternal,them,,them,50,100,50
horatian,his style,,his style,25,100,25
newtonian,Sir Isaac Newton,,Sir Isaac Newton,56,100,56
pomaceous,suborder,,suborder,25,100,25
lithologic,nature and mode of aggregation of its mineral contents,lithology,nature and mode of aggregation of its mineral contents,30,89,30
stygian,river Styx,,river Styx,29,100,29
rubiaceous,very large natural order of plants,,very large natural order of plants,30,100,30
textorial,weaving,,weaving,29,100,29
plebeian,Roman plebs,common people,common people,62,38,38
eurafrican,continents of Europe and Africa combined,,continents of Europe and Africa combined,50,100,50
zooegloea,transitory stage through which rapidly multiplying bacteria pass in the course of their evolution,,transitory stage through which rapidly multiplying bacteria pass in the course of their evolution,33,100,33
pontific,pope,,pope,50,100,50
ghostly,apparitions,,apparitions,29,100,29
propaedeutic,preliminary instruction,,preliminary instruction,34,100,34
ganancial,or held under,,or held under,11,100,11
fat,butter,,butter,33,100,33
fijian,Fiji islands or their inhabitants,,Fiji islands or their inhabitants,50,100,50
clinical,bed,clinic,bed,0,100,0
pectoral,breast,,breast,33,100,33
communism,socialism in government and the conditions of domestic life,,socialism in government and the conditions of domestic life,44,100,44
zincous,zinc,positive pole of a galvanic battery,positive pole of a galvanic battery,100,29,29
ambulatory,walking,,walking,24,100,24
vallar,rampart,,rampart,50,100,50
potatory,drinking,,drinking,12,100,12
diluvial,flood or deluge,,flood or deluge,38,100,38
novenary,number nine,,number nine,38,100,38
corvine,crow,,crow,50,100,50
rutaceous,plants of a natural order,,plants of a natural order,33,100,33
spherical,sphere,ancient astronomy and astrology,ancient astronomy and astrology,83,33,33
geocyclic,revolutions of the earth,,revolutions of the earth,44,100,44
tuscan,Tuscany in Italy,order,order,83,0,0
typographic,act or act of representing by types or symbols,typography or printing,act or act of representing by types or symbols,45,82,45
gothic,style of architecture with pointed arches,,style of architecture with pointed arches,33,100,33
palmar,under side of the wings of birds,,under side of the wings of birds,17,100,17
congenital,one from birth,,one from birth,42,100,42
trichopterous,or characterizing,,or characterizing,46,100,46
zoographical,description of animals,,description of animals,50,100,50
marine,sea,,sea,33,100,33
attributive,expressing,,expressing,20,100,20
hircinous,goat or the goats,,goat or the goats,33,100,33
psittaceous,parrots,,parrots,44,100,44
catacrotic,that form of pulse tracing,,that form of pulse tracing,40,100,40
homopolic,or exhibiting that kind of organic form,,or exhibiting that kind of organic form,33,100,33
hermetical,or taught by,system which explains the causes of diseases and the operations of medicine on the principles of the hermetic philosophy,or taught by,27,50,27
tautochronous,or having the properties of,,or having the properties of,31,100,31
crucial,cross,,cross,40,100,40
interlunary,time when the moon,,time when the moon,36,100,36
integral,or serving to form,or being,or being,38,38,38
arthurian,King Arthur or his knights,,King Arthur or his knights,56,100,56
sinistral,left,,left,25,100,25
sephardic,Jews,,Jews,25,100,25
celestial,spiritual heaven,,spiritual heaven,44,100,44
oculonasal,region of the eye and the nose,,region of the eye and the nose,20,100,20
amygdaline,almonds,,almonds,43,100,43
fabian,or in the manner of,,or in the manner of,33,100,33
baconian,Lord Bacon,,Lord Bacon,50,100,50
puerperal,childbirth,,childbirth,11,100,11
relation,being or quality,,being or quality,38,100,38
reflex,stimulus or excitation without the necessary intervention of consciousness,,stimulus or excitation without the necessary intervention of consciousness,50,100,50
ornithic,birds,,birds,20,100,20
osculatory,kissing,,kissing,12,100,12
temporo-auricular,both the temple and the ear,,both the temple and the ear,35,100,35
telary,web,,web,33,100,33
ferreous,iron,,iron,50,100,50
optical,vision or sight,eye,eye,18,0,0
vesicouterine,bladder and the uterus,,bladder and the uterus,40,100,40
paragogic,or constituting,,or constituting,33,100,33
bellical,war,,war,33,100,33
octonary,number eight,,number eight,20,100,20
graphic,arts of painting and drawing,art of writing,art of writing,43,29,29
umbratic,shade or darkness,,shade or darkness,25,100,25
augustinian,St,,St,50,100,50
telelectric,transmission,,transmission,27,100,27
rudistes,Cretaceous period,,Cretaceous period,38,100,38
convolvulaceous,family of plants of which the bindweed and the morning-glory are common examples,,family of plants of which the bindweed and the morning-glory are common examples,40,100,40
vinic,wine,,wine,50,100,50
bicentenary,two hundred,,two hundred,29,100,29
semicentennial,half of a century,,half of a century,29,100,29
sicilian,Sicily or its inhabitants,,Sicily or its inhabitants,50,100,50
pavonian,peacock,,peacock,43,100,43
galactic,milk,galaxy or Milky Way,milk,25,50,25
tricennarious,thirty years,,thirty years,48,100,48
tricennial,thirty years,,thirty years,40,100,40
malar,region of the cheek bone,,region of the cheek bone,7,100,7
meteorologic,atmosphere and its phenomena,,atmosphere and its phenomena,25,100,25
lettered,learning or literature,,learning or literature,50,100,50
devonian,Devon or Devonshire in England,,Devon or Devonshire in England,50,100,50
lunatic,insane person,,insane person,20,100,20
lucubratory,night studies,,night studies,9,100,9
obsidional,siege,,siege,40,100,40
oligocene,certain strata which occupy an intermediate position between the Eocene and Miocene periods,,certain strata which occupy an intermediate position between the Eocene and Miocene periods,56,100,56
hymenean,marriage,,marriage,25,100,25
auric,gold,,gold,0,100,0
radical,root,root or origin,root,25,29,25
pudic,external organs of generation,,external organs of generation,20,100,20
inchoative,beginning,,beginning,32,100,32
murenoid,genus Muræna,,genus Muræna,38,100,38
hermeneutical,interpretation,,interpretation,40,100,40
carpathian,range of mountains in Austro-Hungary,,range of mountains in Austro-Hungary,30,100,30
ursuline,St,,St,0,100,0
verbenaceous,natural order,,natural order,25,100,25
bucolic,life and occupation of a shepherd,,life and occupation of a shepherd,29,100,29
optic,vision or sight,eye,eye,20,0,0
lumbar,or near,,or near,33,100,33
thalassic,sea,,sea,33,100,33
paradoxides,primordial formations,,primordial formations,38,100,38
paragogical,or constituting,,or constituting,27,100,27
gentlemanlike,or becoming,,or becoming,27,100,27
parenthetical,or expressed in,,or expressed in,38,100,38
matin,morning,,morning,50,100,50
capacity,or resulting from,,or resulting from,12,100,12
artocarpous,breadfruit,,breadfruit,40,100,40
monocrotic,or showing,,or showing,42,100,42
literary,letters or literature,learning or learned men,learning or learned men,75,50,50
egyptological,or devoted to,,or devoted to,23,100,23
sulphatic,or containing,,or containing,22,100,22
obscure,darkness or night,,darkness or night,29,100,29
polemoniaceous,natural order of plants,,natural order of plants,29,100,29
sagittal,arrow,sagittal suture,arrow,20,100,20
topiary,ornamental gardening,,ornamental gardening,43,100,43
farcical,disease called farcy,,disease called farcy,50,100,50
vespertine,evening,,evening,47,100,47
chian,Chios,,Chios,40,100,40
vimineous,twigs,,twigs,29,100,29
lunisolar,mutual relations,,mutual relations,33,100,33
tauromachian,bullfights,,bullfights,20,100,20
pyrexial,fever,,fever,20,100,20
mosaic,style of work called mosaic,Moses,Moses,100,40,40
scrophulariaceous,very large natural order of gamopetalous plants,,very large natural order of gamopetalous plants,41,100,41
rontgen,him,,him,0,100,0
tympanitic,or affected with,,or affected with,30,100,30
oenanthic,bouquet of wine,,bouquet of wine,33,100,33
batrachoid,toadfish,,toadfish,38,100,38
tetrolic,acid,,acid,25,100,25
modenese,Modena or its inhabitants,,Modena or its inhabitants,50,100,50
tai,peoples of Siamese and Shan speech,,peoples of Siamese and Shan speech,33,100,33
brag,one's self,,one's self,0,100,0
legific,making laws,,making laws,14,100,14
demotic,people,,people,33,100,33
syndical,or of the nature of,,or of the nature of,25,100,25
pneumonic,lungs,pneumonia,lungs,40,89,40
limenean,Lima,,Lima,50,100,50
style,peculiar mode of developing in idea or accomplishing a result,,peculiar mode of developing in idea or accomplishing a result,40,100,40
lumbal,or near,,or near,17,100,17
textrine,weaving,,weaving,43,100,43
ingluvial,indulges or crop of birds,,indulges or crop of birds,44,100,44
aramaean,Syrians and Chaldeans,,Syrians and Chaldeans,50,100,50
periotic,region surrounding,,region surrounding,38,100,38
sapotaceous,natural order,,natural order,36,100,36
indo-european,people or nations who speak these languages,,people or nations who speak these languages,38,100,38
individual,one only,single person or thing,one only,22,30,22
endogenous,many forms of cells,,many forms of cells,30,100,30
optimate,nobility or aristocracy,,nobility or aristocracy,38,100,38
hispanic,Spain or its language,,Spain or its language,50,100,50
primordial,lowest beds of the Silurian age,,lowest beds of the Silurian age,40,100,40
atheromatous,or having the nature of,,or having the nature of,50,100,50
general,whole class or order,,whole class or order,29,100,29
native,one's birth,,one's birth,33,100,33
empyreal,highest and purest region of heaven,,highest and purest region of heaven,38,100,38
frontal,forehead or the anterior part of the roof of the brain case,,forehead or the anterior part of the roof of the brain case,43,100,43
omphalic,umbilicus,,umbilicus,50,100,50
piscatory,fishes or fishing,,fishes or fishing,44,100,44
volar,palm of the hand or the sole of the foot,,palm of the hand or the sole of the foot,40,100,40
suberic,cork,,cork,25,100,25
municipal,city or a corporation having the right of administering local government,state,state,44,20,20
anglican,England or the English nation,established church of England,England or the English nation,50,62,50
ferial,holidays,,holidays,33,100,33
seismic,earthquake,,earthquake,14,100,14
ophthalmic,eye,,eye,0,100,0
tropical,tropics,or incident to,or incident to,86,38,38
hymeneal,marriage,,marriage,25,100,25
ethologic,ethnic or morality,,ethnic or morality,56,100,56
lymphatic,or conveying lymph,,or conveying lymph,56,100,56
tellurian,earth,,earth,40,100,40
poecilitic,or characterizing,,or characterizing,30,100,30
thoral,bed,,bed,0,100,0
sabian,aromatic plants,,aromatic plants,38,100,38
maculose,spots upon a surface,,spots upon a surface,38,100,38
prejudical,determination of some matter not previously decided,,determination of some matter not previously decided,50,100,50
stomatoplastic,operation of forming a mouth where the aperture has been contracted,,operation of forming a mouth where the aperture has been contracted,36,100,36
homiletic,familiar intercourse,homiletics,familiar intercourse,44,100,44
superpartient,ratio when the excess of the greater term over the less is more than a unit,,ratio when the excess of the greater term over the less is more than a unit,46,100,46
hierographic,sacred writing,,sacred writing,25,100,25
perspective,science of vision,,science of vision,29,100,29
velar,velum,soft palate,soft palate,60,40,40
moroxylic,mulberry,,mulberry,38,100,38
tricarballylic,complex tribasic organic acid,,complex tribasic organic acid,50,100,50
senile,old age,old age,old age,33,33,33
augean,Augeus,,Augeus,50,100,50
hungarian,Hungary or to the people of Hungary,,Hungary or to the people of Hungary,56,100,56
mayan,American Indian linguistic stock occupying the Mexican States of Veracruz,Mayas,American Indian linguistic stock occupying the Mexican States of Veracruz,40,60,40
hydrostatical,or in accordance with,,or in accordance with,24,100,24
aspen,it,,it,0,100,0
hystricine,porcupines,,porcupines,53,100,53
balearic,isles of Majorca,,isles of Majorca,42,100,42
foliolate,leaflets,,leaflets,38,100,38
black-letter,days in the calendar not marked with red letters as saints' days,,days in the calendar not marked with red letters as saints' days,50,100,50
nasofrontal,nose and the front of the head,,nose and the front of the head,45,100,45
appalachian,chain of mountains in the United States,,chain of mountains in the United States,27,100,27
arteriac,windpipe,,windpipe,12,100,12
oligist,hematite,,hematite,29,100,29
thooid,wovels and the dogs,,wovels and the dogs,50,100,50
eurasiatio,continents of Europe and Asia combined,,continents of Europe and Asia combined,40,100,40
occidental,or situated in,,or situated in,40,100,40
hydrokinetic,motions of fluids,,motions of fluids,28,100,28
pulmonary,lungs,,lungs,40,100,40
appertain,this life,,this life,22,100,22
paleolithic,era marked by early stone implements,,era marked by early stone implements,36,100,36
vesicoprostatic,bladder and the prostrate gland,,bladder and the prostrate gland,53,100,53
swiss,Switzerland,,Switzerland,40,100,40
aristocratic,aristocracy,or originating with,or originating with,87,50,50
pragmatical,business or to affairs,,business or to affairs,36,100,36
courteous,or exxpressive of,,or exxpressive of,33,100,33
carnous,flesh,,flesh,20,100,20
iroquoian,one of the principal linguistic stocks of the North American Indians,,one of the principal linguistic stocks of the North American Indians,44,100,44
pupillary,pupil or ward,pupil of the eye,pupil of the eye,67,56,56
demoniacal,demon or evil spirit,,demon or evil spirit,50,100,50
porcine,swine,hog,hog,60,33,33
phonic,sound,,sound,40,100,40
geraniaceous,natural order of pants,,natural order of pants,42,100,42
johnsonianism,Dr,,Dr,0,100,0
baric,barium,weight,weight,80,20,20
phrenic,diaphragm,,diaphragm,46,100,46
archaeolithic,earliest Stone age,,earliest Stone age,38,100,38
petrean,to rock,,to rock,29,100,29
linnean,Linnæus,,Linnæus,43,100,43
equestrian,horses or horsemen,,horses or horsemen,30,100,30
vascular,special ducts,vessels of animal and vegetable bodies,special ducts,29,38,29
nundinal,fair,,fair,25,100,25
corinthian,Romans,amateur sailor or yachtsman,Romans,38,40,38
thermotic,heat,,heat,50,100,50
austro-hungarian,Austria and Hungary,,Austria and Hungary,51,100,51
stomatogastric,mouth and the stomach,,mouth and the stomach,43,100,43
isoclinic,or indicating,,or indicating,47,100,47
hercynian,extensive forest in Germany,,extensive forest in Germany,44,100,44
pelagic,ocean,,ocean,40,100,40
martian,Mars,,Mars,50,100,50
boraginaceous,family of plants,,family of plants,31,100,31
rasorial,,,,0,100,0
valerianaceous,plants of a natural order,,plants of a natural order,29,100,29
bovine,genus Bos,oxen or cows,genus Bos,17,22,17
mantic,divination,,divination,50,100,50
occasive,setting sun,,setting sun,21,100,21
vituline,calf or veal,,calf or veal,25,100,25
parenthetic,or expressed in,,or expressed in,45,100,45
appian,Appius,,Appius,50,100,50
petrine,St,,St,50,100,50
muellerian,Johannes Müller,,Johannes Müller,50,100,50
mechanical,quantitative relations of force and matter,machine or to machinery or tools,quantitative relations of force and matter,30,40,30
manganic,or containing,,or containing,50,100,50
ogygian,Ogyges,,Ogyges,50,100,50
desquamatory,or attended with,,or attended with,25,100,25
pleomorphism,different genera and species,,different genera and species,33,100,33
eburnine,ivory,,ivory,20,100,20
sulphostannic,sulphacid of tin,,sulphacid of tin,55,100,55
psychical,human soul,mind,mind,32,25,25
noachian,patriarch Noah,,patriarch Noah,38,100,38
rhenish,river Rhine,,river Rhine,43,100,43
male,sex that begets or procreates young,,sex that begets or procreates young,25,100,25
weird,fate,witchcraft,fate,25,40,25
testudinal,tortoise,,tortoise,38,100,38
atramental,ink,,ink,33,100,33
metatungstic,acid known only in its salts,,acid known only in its salts,33,100,33
ordovician,division of the Silurian formation,,division of the Silurian formation,40,100,40
vermicular,worm or worms,,worm or worms,30,100,30
spheric,sphere,ancient astronomy and astrology,ancient astronomy and astrology,83,29,29
picine,woodpeckers,,woodpeckers,50,100,50
hederaceous,ivy,,ivy,0,100,0
sublunary,this world,,this world,22,100,22
tegular,tile,,tile,50,100,50
cancroid,genus Cancer,,genus Cancer,50,100,50
adamical,him,,him,33,100,33
azorian,Azores,,Azores,50,100,50
zoanthoid,Zoanthacea,,Zoanthacea,56,100,56
trimellic,certain tribasic acid,,certain tribasic acid,56,100,56
brumal,winter,,winter,17,100,17
gymnastical,disciplinary exercises for the intellect,,disciplinary exercises for the intellect,27,100,27
altitudinal,height,,height,24,100,24
zoilean,Zoilus,,Zoilus,50,100,50
undulatory,propagated alternating motion,,propagated alternating motion,40,100,40
equine,horse,,horse,20,100,20
phonetic,voice,,voice,46,100,46
pastoral,shepherds,,shepherds,25,100,25
bignoniaceous,family of plants of which the trumpet flower is an example,,family of plants of which the trumpet flower is an example,31,100,31
past,former time or state,,former time or state,50,100,50
viary,roads,,roads,20,100,20
right,that side of the body in man on which the muscular action is usually stronger than on the other side,,that side of the body in man on which the muscular action is usually stronger than on the other side,40,100,40
trochilic,rotary motion,,rotary motion,44,100,44
-ory,serving for,or serving for hearing,or serving for hearing,50,50,50
carotic,stupor,,stupor,17,100,17
terrestrial,earth,world,world,40,40,40
pangothic,all the Gothic races,,all the Gothic races,56,100,56
soricine,Shrew family,,Shrew family,25,100,25
jacobian,style of architecture and decoration in the time of James the First,,style of architecture and decoration in the time of James the First,50,100,50
classical,ancient Greeks and Romans,places inhabited by the ancient Greeks and Romans,ancient Greeks and Romans,22,44,22
symposiac,compotations and merrymaking,,compotations and merrymaking,44,100,44
astromantic,divination by means of the stars,,divination by means of the stars,36,100,36
dermatine,skin,,skin,50,100,50
crinal,hair,,hair,25,100,25
stigma,certain varieties of religious ecstasy,,certain varieties of religious ecstasy,50,100,50
phocenic,dolphin oil or porpoise oil,,dolphin oil or porpoise oil,50,100,50
lutarious,mud,,mud,33,100,33
alpen,Alps,,Alps,50,100,50
cuprous,copper,,copper,50,100,50
finny,fishes,,fishes,40,100,40
barycentric,center of gravity,,center of gravity,43,100,43
biparietal,diameter of the cranium,,diameter of the cranium,40,100,40
absinthial,wormwood,,wormwood,0,100,0
incident,another thing,passing with,another thing,29,50,29
adamic,him,,him,33,100,33
continental,continent,main land of Europe,main land of Europe,100,27,27
madecassee,Madagascar or its inhabitants,,Madagascar or its inhabitants,40,100,40
olfactory,sense of smell,,sense of smell,22,100,22
surnominal,surname or surnames,,surname or surnames,50,100,50
hebraic,Hebrews,,Hebrews,43,100,43
medical,or having to do with,,or having to do with,29,100,29
vulcanian,Vulcan,works in iron or other metals,works in iron or other metals,83,22,22
hygeian,health,,health,50,100,50
textual,or contained in,,or contained in,29,100,29
bibliopolar,sale of books,,sale of books,27,100,27
irritability,all living organisms,,all living organisms,33,100,33
tartronic,organic acid,,organic acid,44,100,44
gadoid,family of fishes,,family of fishes,33,100,33
orthographic,orthography,right lines or angles,right lines or angles,91,30,30
japonism,Japanese or their products,,Japanese or their products,50,100,50
zootrophic,nourishment of animals,,nourishment of animals,30,100,30
frumentarious,wheat or grain,,wheat or grain,31,100,31
artesian,Artois,,Artois,50,100,50
columbine,dove,,dove,31,100,31
hierographical,sacred writing,,sacred writing,21,100,21
legislative,making of laws,,making of laws,27,100,27
quichuan,majority of the civilized tribes of the ancient Peruvian Empire with some wild tribes never subjugated by the Incas,,majority of the civilized tribes of the ancient Peruvian Empire with some wild tribes never subjugated by the Incas,50,100,50
capreoline,roebuck,,roebuck,43,100,43
moschine,musk deer,,musk deer,38,100,38
graphical,arts of painting and drawing,art of writing,art of writing,33,22,22
recto-vesical,both the rectum and the bladder,,both the rectum and the bladder,38,100,38
mytiloid,genus Mytilus,,genus Mytilus,53,100,53
oxychloric,in general,,in general,10,100,10
methionic,sulphonic,,sulphonic,56,100,56
tiliaceous,natural order of plants,,natural order of plants,30,100,30
otic,ear,,ear,0,100,0
piscatorial,fishes or fishing,,fishes or fishing,45,100,45
acroceraunian,"high mountain range of ""thunder- smitten"" peaks",,"high mountain range of ""thunder- smitten"" peaks",31,100,31
punic,ancient Carthaginians,,ancient Carthaginians,40,100,40
documental,instruction,written evidence,instruction,20,30,20
sanguineous,blood,,blood,20,100,20
piscine,fish or fishes,,fish or fishes,43,100,43
signal,information,,information,35,100,35
savage,forest,,forest,17,100,17
cutaneous,skin,,skin,25,100,25
sericeous,silk,,silk,50,100,50
armorican,northwestern part of France,,northwestern part of France,44,100,44
infrastapedial,part of the columella of the ear,,part of the columella of the ear,29,100,29
lyrical,lyre or harp,,lyre or harp,43,100,43
uniocular,or seated in,,or seated in,19,100,19
patrician,Roman patres,or appropriate to,or appropriate to,44,44,44
commissionary,or conferring,,or conferring,35,100,35
semeiological,science of signs,,science of signs,38,100,38
aspiratory,breathing,,breathing,35,100,35
therapeutical,healing art,,healing art,45,100,45
psychal,soul,,soul,36,100,36
parietal,wall,buildings or the care of them,buildings or the care of them,50,38,38
tussicular,cough,,cough,40,100,40
xanthous,those races of man which have yellowish,,those races of man which have yellowish,38,100,38
xyridaceous,natural order,,natural order,27,100,27
venatorial,hunting,,hunting,43,100,43
rhinal,nose or olfactory organs,,nose or olfactory organs,33,100,33
nephritic,kidneys or urinary organs,,kidneys or urinary organs,33,100,33
cereal,grasses which are cultivated for their edible seeds,,grasses which are cultivated for their edible seeds,50,100,50
sexton,church,,church,0,100,0
alpine,Alps,,Alps,50,100,50
paphian,Paphos,Venus,Venus,50,20,20
paleocrystic,former glacial formation,,former glacial formation,50,100,50
wernerian,A,,A,0,100,0
caecal,cæcum,,cæcum,40,100,40
meteorological,atmosphere and its phenomena,,atmosphere and its phenomena,30,100,30
nephritical,kidneys or urinary organs,,kidneys or urinary organs,36,100,36
sebacic,fat,,fat,33,100,33
racial,race or family of men,,race or family of men,50,100,50
pious,piety,,piety,40,100,40
provost,police and discipline as the regulations of the service or the commander's orders impose upon him,,police and discipline as the regulations of the service or the commander's orders impose upon him,29,100,29
suilline,hog or the Hog family,,hog or the Hog family,25,100,25
burmese,Burmah,,Burmah,50,100,50
nodular,or in the form of,,or in the form of,29,100,29
speciality,person or thing,every one who cultivates his speciality,person or thing,24,100,24
pleistocene,epoch,,epoch,40,100,40
conchylaceous,shells,,shells,33,100,33
bacillary,little rods,,little rods,33,100,33
mesogastric,middle region of the abdomen,mesogaster,middle region of the abdomen,36,90,36
magistratic,or proceeding from,,or proceeding from,18,100,18
hypothenal,prominent part of the palm of the hand above the base of the little finger,,prominent part of the palm of the hand above the base of the little finger,50,100,50
notal,back,,back,25,100,25
mental,chin,mind,chin,25,50,25
hauynite,some volcani,,some volcani,38,100,38
fuegian,Terra del Fuego,,Terra del Fuego,43,100,43
magistratical,or proceeding from,,or proceeding from,15,100,15
thionic,sulphur,,sulphur,14,100,14
urohyal,one or more median and posterior elements in the hyoidean arch of fishes,,one or more median and posterior elements in the hyoidean arch of fishes,29,100,29
gallican,Gaul or France,,Gaul or France,36,100,36
fluidal,certain volcanic rocks in which the arrangement of the minute crystals shows the lines of flow of thew molten material before solidification,,certain volcanic rocks in which the arrangement of the minute crystals shows the lines of flow of thew molten material before solidification,43,100,43
olitory,or produced in,,or produced in,29,100,29
eleatic,certain school of Greek philosophers who taught that the only certain science is that which owes nothing to the senses,,certain school of Greek philosophers who taught that the only certain science is that which owes nothing to the senses,43,100,43
neat,genus Bos,,genus Bos,25,100,25
diplanar,two planes,,two planes,50,100,50
sponsional,pledge or agreement,,pledge or agreement,21,100,21
pyretic,fever,,fever,20,100,20
erse,Celtic race in the Highlands of Scotland,,Celtic race in the Highlands of Scotland,25,100,25
cyperaceous,large family of plants of which the sedge is the type,,large family of plants of which the sedge is the type,27,100,27
kurilian,Kurile Islands,,Kurile Islands,55,100,55
tibial,tibia,pipe or flute,pipe or flute,100,21,21
maritime,ocean,navigation and naval affairs,ocean,20,50,20
staphyline,uvula or the palate,,uvula or the palate,40,100,40
oral,mouth,,mouth,25,100,25
pedal,foot,foot of a mollusk,foot,0,40,0
railroad,them and constituting one property,,them and constituting one property,25,100,25
lachrymal,tears,,tears,40,100,40
pathematic,emotion or suffering,,emotion or suffering,30,100,30
oculomotor,movement of the eye,,movement of the eye,40,100,40
terrene,earth,,earth,40,100,40
cucurbitaceous,family of plants of which the cucumber,,family of plants of which the cucumber,43,100,43
paleontographical,description of fossil remains,,description of fossil remains,35,100,35
bilateral,two sides of a central area or organ,,two sides of a central area or organ,44,100,44
tudor,royal line of England,,royal line of England,20,100,20
fodient,digging,,digging,43,100,43
brahmin-ical,Brahmans or to their doctrines and worship,,Brahmans or to their doctrines and worship,42,100,42
sanctionary,or giving,,or giving,22,100,22
polemic,controversy,,controversy,29,100,29
incesttuous,crime of incest,,crime of incest,55,100,55
metabranchial,lobe of the carapace of crabs covering the posterior branchiæ,,lobe of the carapace of crabs covering the posterior branchiæ,54,100,54
jacobinical,Jacobins of France,,Jacobins of France,55,100,55
cadaveric,corpse,,corpse,33,100,33
holophytic,vegetable organisms,,vegetable organisms,30,100,30
papaverous,poppy,,poppy,40,100,40
baltic,sea which separates Norway and Sweden from Jutland,,sea which separates Norway and Sweden from Jutland,50,100,50
lateen,peculiar rig used in the Mediterranean and adjacent waters,,peculiar rig used in the Mediterranean and adjacent waters,50,100,50
sudoral,sweat,,sweat,33,100,33
dominican,St,,St,0,100,0
guelfic,family or the facttion of the Guelphs,,family or the facttion of the Guelphs,43,100,43
hydromantic,divination by water,,divination by water,27,100,27
maioid,genus Maia,,genus Maia,33,100,33
taurine,genus Taurus,,genus Taurus,46,100,46
diazo-,series of compounds containing a radical of two nitrogen atoms,,series of compounds containing a radical of two nitrogen atoms,33,100,33
antemeridian,forenoon,,forenoon,25,100,25
isoclinal,or indicating,,or indicating,47,100,47
galvanoplastic,art or process of electrotyping,,art or process of electrotyping,29,100,29
columbian,United States,,United States,22,100,22
manual,hand,,hand,50,100,50
anglo-catholic,church modeled on the English Reformation,,church modeled on the English Reformation,36,100,36
jacobean,style of architecture and decoration in the time of James the First,,style of architecture and decoration in the time of James the First,38,100,38
canine,family Canidæ,pointed tooth on each side the incisors,pointed tooth on each side the incisors,50,33,33
prandial,repast,,repast,33,100,33
moratory,delay,,delay,40,100,40
glaucophane,certain crystalline rocks,,certain crystalline rocks,36,100,36
eupeptic,good digestion,,good digestion,38,100,38
roric,dew,,dew,0,100,0
toxic,poison,,poison,40,100,40
maclurea,lower Silurian rocks,,lower Silurian rocks,50,100,50
phyllorhine,membrane around the nostrils,,membrane around the nostrils,36,100,36
reliquian,relic or relics,,relic or relics,44,100,44
gentianaceous,natural order of plants,,natural order of plants,33,100,33
sand-lot,policy or practices of the socialistic or communistic followers of the Irish agitator Denis Kearney,,policy or practices of the socialistic or communistic followers of the Irish agitator Denis Kearney,38,100,38
lapidarian,stone,,stone,20,100,20
sinic,Chinese and allied races,,Chinese and allied races,40,100,40
aleutian,chain of islands between Alaska and Kamtchatka,,chain of islands between Alaska and Kamtchatka,38,100,38
reprobate,one who is given up to wickedness,,one who is given up to wickedness,22,100,22
terpenylic,acid,,acid,25,100,25
dermatic,skin,,skin,25,100,25
secular,this present world,,this present world,29,100,29
cyanic,blue color,,blue color,17,100,17
nocturnal,done or occuring in,,done or occuring in,56,100,56
jatrophic,physic nuts,,physic nuts,40,100,40
pyrotechnical,fireworks,,fireworks,22,100,22
gravimetric,measurement by weight,,measurement by weight,36,100,36
lithological,nature and mode of aggregation of its mineral contents,lithology,nature and mode of aggregation of its mineral contents,42,89,42
sulpharsenious,hypothetical sulphacid,,hypothetical sulphacid,50,100,50
statal,or existing with reference to,,or existing with reference to,33,100,33
initial,beginning,,beginning,43,100,43
arterial,artery,main channel,main channel,83,40,40
rusine,deer of the genus Rusa,,deer of the genus Rusa,33,100,33
serial,series,rows,rows,67,25,25
dorian,ancient Greeks of Doris,,ancient Greeks of Doris,55,100,55
lienteric,or of the nature of,,or of the nature of,44,100,44
seigneurial,lord of a manor,,lord of a manor,18,100,18
connubial,marriage,,marriage,27,100,27
habilatory,clothing,,clothing,27,100,27
caesarean,Cæsar or the Cæsars,,Cæsar or the Cæsars,44,100,44
regeneration,many of the lower animals,,many of the lower animals,42,100,42
sulphinic,any one of a series of acids regarded as acid ethereal salts of hyposulphurous acid,,any one of a series of acids regarded as acid ethereal salts of hyposulphurous acid,56,100,56
quadric,second degree,,second degree,29,100,29
palmic,castor-oil plant,,castor-oil plant,33,100,33
civil,naval or military affairs,,naval or military affairs,40,100,40
welsh,Wales,,Wales,40,100,40
strange,others,one's self,one's self,33,29,29
arthrozoic,Articulata,,Articulata,40,100,40
sciotheric,sundial,,sundial,29,100,29
apostolical,pope or the papacy,,pope or the papacy,28,100,28
lucernal,lamp,,lamp,33,100,33
terebilenic,complex acid,,complex acid,27,100,27
pseudo-symmetry,certain crystals which from twinning,,certain crystals which from twinning,20,100,20
phocine,seal tribe,,seal tribe,29,100,29
technic,practice of an art or science,,practice of an art or science,43,100,43
gemmaceous,gems or to gemmæ,,gems or to gemmæ,40,100,40
boreal,north,,north,40,100,40
sinaitic,Mount Sinai,,Mount Sinai,50,100,50
caprid,tribe of ruminants of which the goat,,tribe of ruminants of which the goat,33,100,33
zymotic,fermentation,certain class of diseases,certain class of diseases,32,29,29
tolletane,Toledo in Spain,,Toledo in Spain,44,100,44
vigonia,vicuña,,vicuña,46,100,46
feminine,woman,woman,woman,40,40,40
ametabolian,insects that do undergo any metamorphosis,,insects that do undergo any metamorphosis,45,100,45
iridic,iris of the eye,iridium,iris of the eye,50,83,50
romanic,Rome or its people,any or all of the various languages which,any or all of the various languages which,29,29,29
alary,wings,,wings,0,100,0
veterinary,art of healing or treating the diseases of domestic animals,,art of healing or treating the diseases of domestic animals,40,100,40
ursine,bear,,bear,25,100,25
thermal,heat,,heat,55,100,55
mortal,time of death,,time of death,33,100,33
systemless,organic nature,,organic nature,20,100,20
economical,management of a household,,management of a household,40,100,40
naso-,nose,,nose,50,100,50
papaveraceous,natural order of plants,,natural order of plants,33,100,33
scombroid,Mackerel family,,Mackerel family,25,100,25
pyrrhic,ancient Greek martial dance,pyrrhic,ancient Greek martial dance,29,100,29
lee,part or side opposite to that against which the wind blows,,part or side opposite to that against which the wind blows,33,100,33
unguicular,claw or a nail,,claw or a nail,40,100,40
neptunian,ocean or sea,,ocean or sea,33,100,33
neogaean,New World,,New World,25,100,25
fruticulose,small shrub,,small shrub,18,100,18
hepatic,liver,,liver,20,100,20
larine,Gull family,,Gull family,35,100,35
sumerian,region of lower Babylonia,,region of lower Babylonia,38,100,38
subereous,cork,,cork,25,100,25
novercal,stepmother,,stepmother,38,100,38
styloglossal,styloid process and the tongue,,styloid process and the tongue,50,100,50
hydrargyrate,mercury,,mercury,43,100,43
pauline,apostle Paul,,apostle Paul,43,100,43
muscatel,or derived from,,or derived from,12,100,12
thalian,Thalia,comedy,comedy,83,0,0
american,America,United States,United States,86,25,25
monocystic,division,,division,25,100,25
exhaustion,rectifications and quadratures,,rectifications and quadratures,50,100,50
saxatile,rocks,,rocks,15,100,15
orbitonasal,orbit and the nose,,orbit and the nose,55,100,55
monophyletic,single family or stock,,single family or stock,33,100,33
pontifician,pontiff or pope,,pontiff or pope,55,100,55
mannitic,or derived from,,or derived from,12,100,12
metopic,forehead or frontal bones,,forehead or frontal bones,19,100,19
negative,picture upon glass or other material,,picture upon glass or other material,38,100,38
capital,head,,head,25,100,25
hydrothermal,hot water,,hot water,56,100,56
laconical,Spartans,,Spartans,25,100,25
cupric,copper,,copper,50,100,50
venatic,hunting,,hunting,46,100,46
tychonic,Tycho Brahe,,Tycho Brahe,50,100,50
galvanometric,or measured by,,or measured by,30,100,30
northwestern,or being in,,or being in,36,100,36
matrimonial,marriage,,marriage,53,100,53
carnal,body or is appetites,,body or is appetites,17,100,17
antepenultimate,last syllable but two,,last syllable but two,33,100,33
suprastapedial,that part of the columella of the ear which projects above the connection with the stapes,,that part of the columella of the ear which projects above the connection with the stapes,36,100,36
silvan,woods,,woods,18,100,18
cathartic,purgative principle of senna,,purgative principle of senna,33,100,33
xanthogen,xanthic acid,,xanthic acid,56,100,56
citizen,inhabitants of a city,citizens,inhabitants of a city,43,100,43
rustic,country,,country,33,100,33
sacrosciatic,both the sacrum and the hip,,both the sacrum and the hip,50,100,50
federal,such a government,,such a government,29,100,29
idiomatic,mode of expression peculiar to a language,,mode of expression peculiar to a language,33,100,33
tartrelic,anhydride,,anhydride,35,100,35
somnial,sleep or dreams,,sleep or dreams,29,100,29
maltese,Malta or to its inhabitants,,Malta or to its inhabitants,43,100,43
gonidial,angles of the mouth,,angles of the mouth,25,100,25
trojan,ancient Troy or its inhabitants,,ancient Troy or its inhabitants,50,100,50
nasopharyngeal,both throat and nose,,both throat and nose,29,100,29
avicular,bird or to birds,,bird or to birds,25,100,25
washingtonian,George Washington,temperance society and movement started in Baltimore in 1840 on the principle of total abstinence,temperance society and movement started in Baltimore in 1840 on the principle of total abstinence,78,38,38
samian,island of Samos,,island of Samos,50,100,50
vicenary,twenty,,twenty,50,100,50
asmonean,patriotic Jewish family to which the Maccabees belonged,,patriotic Jewish family to which the Maccabees belonged,38,100,38
ruderary,rubbish,,rubbish,29,100,29
monachal,monks or a monastic life,,monks or a monastic life,50,100,50
bacchanalian,festival of Bacchus,,festival of Bacchus,33,100,33
sarcoptid,itch mites,,itch mites,22,100,22
cephalic,head,,head,50,100,50
carrion,dead and putrefying carcasses,,dead and putrefying carcasses,43,100,43
piperaceous,order of plants,,order of plants,31,100,31
cystic,or contained in,,or contained in,50,100,50
turanian,extensive family of languages of simple structure and low grade,people who speak these languages,people who speak these languages,38,38,38
seismal,earthquake,,earthquake,24,100,24
asthenic,debility,,debility,25,100,25
gentlemanly,or becoming,,or becoming,29,100,29
mulloid,genus Mullus,,genus Mullus,43,100,43
political,public policy,party,party,59,40,40
basioccipital,bone in the base of the cranium,,bone in the base of the cranium,38,100,38
suffraginous,hock of a beast,,hock of a beast,25,100,25
chthonian,gods or spirits of the underworld,,gods or spirits of the underworld,33,100,33
subapical,part just below the apex,,part just below the apex,33,100,33
hircic,mutton suet,,mutton suet,0,100,0
noetical,intellect,,intellect,38,100,38
tactile,organs,,organs,17,100,17
colonical,husbandmen,,husbandmen,11,100,11
pseudo-heart,excretory system,,excretory system,33,100,33
phenic,or resembling,,or resembling,33,100,33
hydrostatic,or in accordance with,,or in accordance with,27,100,27
melic,song,,song,0,100,0
paraschematic,change from the right form,,change from the right form,31,100,31
testaceous,shells,,shells,38,100,38
toxical,poison,,poison,33,100,33
dextro-,or toward,,or toward,29,100,29
ocular,eye,,eye,0,100,0
circensian,or held in,,or held in,40,100,40
somatic,body as a whole,wall of the body,wall of the body,29,29,29
caprine,goat,,goat,18,100,18
terrier,land or landed estates,,land or landed estates,29,100,29
hydrodynamic,water power,,water power,18,100,18
clinic,bed,clinic,bed,0,100,0
saxifragaceous,natural order of plants,,natural order of plants,36,100,36
vermicious,worms,,worms,40,100,40
santonic,acid,,acid,33,100,33
haematic,blood,,blood,0,100,0
regal,king,,king,25,100,25
sanatory,health,,health,33,100,33
visive,sight,,sight,40,100,40
collingual,same language,,same language,50,100,50
architectural,art of building,,art of building,38,100,38
pithecoid,genus Pithecia,anthropoid apes in particular,anthropoid apes in particular,71,56,56
economic,management of a household,,management of a household,38,100,38
stony,or abounding in,,or abounding in,40,100,40
lemnian,isle of Lemnos,,isle of Lemnos,46,100,46
panhellenic,all Greece,,all Greece,50,100,50
juncaceous,natural order of plants,,natural order of plants,30,100,30
stilar,style of a dial,,style of a dial,50,100,50
captive,bondage or confinement,,bondage or confinement,43,100,43
oval,eggs,,eggs,0,100,0
psycho-motor,action of the mind or will,,action of the mind or will,33,100,33
pedicular,lice,,lice,50,100,50
cauda galli,lower Devonian rocks,,lower Devonian rocks,18,100,18
caseous,cheese,,cheese,50,100,50
schetical,habit of the body,,habit of the body,22,100,22
therapeutic,healing art,,healing art,38,100,38
levitical,Levite or the Levites,law contained in the book of Leviticus,Levite or the Levites,44,67,44
natalitious,one's birth or birthday,,one's birth or birthday,27,100,27
palladian,variety of the revived classic style of architecture,,variety of the revived classic style of architecture,33,100,33
zooegraphical,description of animals,,description of animals,46,100,46
romantic,romance,style of the Christian and popular literature of the Middle Ages,style of the Christian and popular literature of the Middle Ages,80,38,38
caucasian,Caucasus,white races of mankind,white races of mankind,62,33,33
banter,him,,him,0,100,0
thiosulphuric,unstable acid,,unstable acid,23,100,23
archimedes,subcarboniferous rocks,,subcarboniferous rocks,40,100,40
trichromic,three colors or color sensations,,three colors or color sensations,40,100,40
subjective,subject,one's own consciousness,one's own consciousness,100,40,40
lapidary,art of cutting stones,monumental inscriptions,art of cutting stones,14,38,14
croconic,saffron,,saffron,43,100,43
confederate,government of the eleven Southern States of the United States which,,government of the eleven Southern States of the United States which,45,100,45
saccholactic,acid now called mucic acid,,acid now called mucic acid,42,100,42
hindustani,Hindoos or their language,,Hindoos or their language,40,100,40
catonian,stern old Roman,,stern old Roman,38,100,38
sterculiaceous,natural order,,natural order,31,100,31
metrical,meter,measurement,measurement,80,38,38
agonistical,athletic or polemic feats,,athletic or polemic feats,36,100,36
motorial,organs of motion,,organs of motion,50,100,50
corporeal,material body or substance,,material body or substance,33,100,33
bilinear,or included by,,or included by,38,100,38
ancestral,or possessed by,,or possessed by,22,100,22
ovine,sheep,,sheep,20,100,20
childish,or resembling,,or resembling,25,100,25
pharmaceutical,rules or formulas of pharmacy,,rules or formulas of pharmacy,50,100,50
atrabiliary,kidneys,kidney,kidneys,29,33,29
concionatory,preaching or public addresses,,preaching or public addresses,42,100,42
gravitational,force of gravity,,force of gravity,46,100,46
rostral,beak or snout of an animal,,beak or snout of an animal,43,100,43
hepatocystic,liver and gall bladder,,liver and gall bladder,17,100,17
scaroid,parrot fishes,,parrot fishes,43,100,43
selenhydric,hydrogen selenide,,hydrogen selenide,55,100,55
landing,or used for,,or used for,14,100,14
protestant,faith and practice of those Christians who reject the authority of the Roman Catholic Church,,faith and practice of those Christians who reject the authority of the Roman Catholic Church,50,100,50
ceramic,pottery,,pottery,29,100,29
prelal,printing,,printing,33,100,33
bernardine,St,,St,0,100,0
laical,layman or the laity,,layman or the laity,50,100,50
particular,single person,,single person,30,100,30
swedish,Sweden or its inhabitants,,Sweden or its inhabitants,43,100,43
paludal,marshes or fens,,marshes or fens,14,100,14
epicurean,good eating,,good eating,33,100,33
impertinent,matter in hand,,matter in hand,48,100,48
patristical,Fathers of the Christian church,,Fathers of the Christian church,55,100,55
sensual,or consisting in,,or consisting in,29,100,29
scholastic,schoolmen and divines of the Middle Ages,,schoolmen and divines of the Middle Ages,50,100,50
youthful,early part of life,,early part of life,38,100,38
zoonic,animals,,animals,33,100,33
tactual,sense,,sense,0,100,0
pyrexical,fever,,fever,20,100,20
left,that side of the body in man on which the muscular action of the limbs is usually weaker than on the other side,,that side of the body in man on which the muscular action of the limbs is usually weaker than on the other side,50,100,50
hyetal,rain,,rain,25,100,25
liturgic,public prayer and worship,,public prayer and worship,38,100,38
internal-combustion,any engine,,any engine,34,100,34
imperial,empire,,empire,50,100,50
alliaceous,genus Allium,,genus Allium,40,100,40
inframedian,interval or zone along the sea bottom,,interval or zone along the sea bottom,36,100,36
telluric,earth,tellurium,earth,40,88,40
saturnian,Saturn,planet Saturn,planet Saturn,83,56,56
numismatic,coins,,coins,40,100,40
terephthalic,dibasic acid of the aromatic series,,dibasic acid of the aromatic series,50,100,50
aurigal,chariot,,chariot,46,100,46
zalambdodont,tribe,,tribe,20,100,20
kantian,Immanuel Kant,,Immanuel Kant,43,100,43
sulphophosphoric,hypothetical sulphacid of phosphorus,,hypothetical sulphacid of phosphorus,56,100,56
venereal,venery,copper,copper,83,33,33
schetic,habit of the body,,habit of the body,29,100,29
amaryllideous,order of plants differing from the lily family chiefly in having the ovary below the,,order of plants differing from the lily family chiefly in having the ovary below the,38,100,38
nemoral,wood or grove,,wood or grove,29,100,29
pyrotechnic,fireworks,,fireworks,22,100,22
oneirocritic,interpretation of dreams,,interpretation of dreams,50,100,50
levirate,which a woman,,which a woman,25,100,25
pliocene,or characterizing,,or characterizing,32,100,32
uniformitarian,view or doctrine that existing causes,,view or doctrine that existing causes,50,100,50
angelic,or partaking of the nature of,,or partaking of the nature of,29,100,29
traumatic,wounds,,wounds,17,100,17
gasometrical,measurement of gases,,measurement of gases,42,100,42
vocalic,vowel sounds,,vowel sounds,43,100,43
trichite,certain sponges,,certain sponges,26,100,26
amaryllidaceous,order of plants differing from the lily family chiefly in having the ovary below the,,order of plants differing from the lily family chiefly in having the ovary below the,33,100,33
urticaceous,natural order,,natural order,36,100,36
iatrical,medicine,,medicine,27,100,27
euxanthic,or resembling,,or resembling,22,100,22
verbarian,words,,words,20,100,20
liturgical,public prayer and worship,,public prayer and worship,40,100,40
holiday,festival,,festival,29,100,29
docimacy,physiology,,physiology,25,100,25
lithoglyphic,art of cutting and engraving precious stones,,art of cutting and engraving precious stones,33,100,33
neurotic,nerves,,nerves,50,100,50
cruciferous,family of plants which have four petals arranged like the arms of a cross,,family of plants which have four petals arranged like the arms of a cross,36,100,36
lacustrine,lakes or ponds,,lakes or ponds,42,100,42
myelogenic,bone marrow,,bone marrow,20,100,20
lanioid,shrikes,,shrikes,14,100,14
gasometric,measurement of gases,,measurement of gases,50,100,50
cameralistic,finance and public revenue,,finance and public revenue,32,100,32
semiotic,language of signs,signs or symptoms of diseases,signs or symptoms of diseases,38,38,38
larboard,left-hand side of a vessel,,left-hand side of a vessel,25,100,25
argental,silver,,silver,17,100,17
virile,developed manhood,,developed manhood,50,100,50
prescription,Englishmen,,Englishmen,20,100,20
diluvian,deluge,,deluge,50,100,50
latitudinarianism,religious belief,,religious belief,25,100,25
protoplasmic,first formation of living bodies,protoplasm,first formation of living bodies,42,100,42
pulmocutaneous,lungs and the akin,,lungs and the akin,36,100,36
zooetrophic,nourishment of animals,,nourishment of animals,36,100,36
merovingian,first Frankish dynasty in Gaul or France,,first Frankish dynasty in Gaul or France,27,100,27
louis quatorze,art or style of the times of Louis XIV,,art or style of the times of Louis XIV,36,100,36
judaical,Jews,,Jews,0,100,0
topiarian,ornamental cutting and trimming of trees,,ornamental cutting and trimming of trees,44,100,44
genitive,that case,,that case,25,100,25
linguistic,language,,language,50,100,50
juvenile,youth,,youth,15,100,15
caudal,tail,,tail,50,100,50
sulphocyanic,or designating,,or designating,25,100,25
pyoid,pus,,pus,33,100,33
scorbutical,scurvy,,scurvy,50,100,50
flexural,or resulting from,,or resulting from,38,100,38
spinal,backbone,spine or spines,backbone,17,67,17
mural,wall,,wall,50,100,50
anglian,Angles,,Angles,50,100,50
lappic,Lapland,,Lapland,33,100,33
obstetric,midwifery,,midwifery,22,100,22
nephrolithic,gravel,,gravel,33,100,33
liassic,Lias Formation,,Lias Formation,43,100,43
nundinary,fair,,fair,50,100,50
mystacal,upper lip,,upper lip,12,100,12
sugescent,sucking,,sucking,50,100,50
psittacid,parrots,,parrots,29,100,29
tintinnabulous,tinkling of a bell,,tinkling of a bell,50,100,50
pabular,or fit for,,or fit for,14,100,14
terpsichorean,Terpsichore,dancing,dancing,91,29,29
culicid,Mosquito family,,Mosquito family,29,100,29
plenilunary,full moon,,full moon,30,100,30
colical,or of the nature of,,or of the nature of,15,100,15
pontic,Pontus,,Pontus,50,100,50
vaticinal,prophecy,,prophecy,12,100,12
renal,kidneys,,kidneys,20,100,20
sistine,Pope Sixtus,,Pope Sixtus,29,100,29
hyomental,them,,them,31,100,31
aural,air,ear,ear,67,50,50
hypodermic,parts under the skin,,parts under the skin,33,100,33
musaceous,plants of the genus Musa,,plants of the genus Musa,44,100,44
argentous,silver,,silver,17,100,17
surgical,surgeons or surgery,,surgeons or surgery,50,100,50
laryngoscopic,inspection of the larynx,,inspection of the larynx,38,100,38
classic,ancient Greeks and Romans,places inhabited by the ancient Greeks and Romans,ancient Greeks and Romans,29,43,29
polygalaceous,natural order of plants,,natural order of plants,31,100,31
foppish,top in dress or manners,,top in dress or manners,43,100,43
caesarian,Cæsar or the Cæsars,,Cæsar or the Cæsars,44,100,44
adriatic,sea so named,,sea so named,25,100,25
zooegraphic,description of animals,,description of animals,36,100,36
agonistic,athletic or polemic feats,,athletic or polemic feats,44,100,44
solenaceous,solens or family Solenidæ,,solens or family Solenidæ,55,100,55
venatical,hunting,,hunting,43,100,43
spiritual,intellectual and higher endowments of the mind,moral feelings or states of the soul,moral feelings or states of the soul,44,44,44
sanitary,health,,health,33,100,33
conchyliaceous,shells,,shells,33,100,33
rhamnaceous,natural order of shrubs and trees,,natural order of shrubs and trees,36,100,36
ural-altaic,Urals and the Altai,,Urals and the Altai,53,100,53
pharisaic,Pharisees,,Pharisees,56,100,56
fraternal,brethren,,brethren,50,100,50
sinapoleic,mustard oil,,mustard oil,40,100,40
hieratic,priests,,priests,43,100,43
balneal,bath,,bath,50,100,50
tennysonian,Alfred,,Alfred,12,100,12
marital,husband,,husband,14,100,14
natalitial,one's birth or birthday,,one's birth or birthday,30,100,30
terminal,end or extremity,,end or extremity,53,100,53
auletic,pipe,,pipe,25,100,25
martial,or suited for,,or suited for,20,100,20
moresque,or in the manner or style of,,or in the manner or style of,50,100,50
sardinian,island,,island,55,100,55
natural,constitution of a thing,lower or animal nature,constitution of a thing,43,77,43
dominical,Lord's day,,Lord's day,22,100,22
oleaceous,natural order of plants,,natural order of plants,44,100,44
photothermic,both light and heat,,both light and heat,33,100,33
rural,country,agriculture,country,40,60,40
regius,king,,king,25,100,25
baculine,rod or punishment with the rod,,rod or punishment with the rod,25,100,25
tellural,earth,,earth,40,100,40
vortical,vortex or vortexes,,vortex or vortexes,50,100,50
presidial,garrison,,garrison,25,100,25
attic,Attica,Athenians,Athenians,80,29,29
inoceramus,Cretaceous period,,Cretaceous period,40,100,40
our,us,,us,50,100,50
apposition,non vascular tissues,,non vascular tissues,40,100,40
uranian,planet Uranus,,planet Uranus,43,100,43
santalaceous,natural order of plants,,natural order of plants,42,100,42
gastroepiploic,stomach and omentum,,stomach and omentum,24,100,24
lenten,fast called Lent,,fast called Lent,50,100,50
malpighiaceous,natural order of tropical trees and shrubs,,natural order of tropical trees and shrubs,36,100,36
zoic,animals,,animals,25,100,25
laconic,Spartans,,Spartans,29,100,29
midship,or being in,,or being in,29,100,29
gadhelic,that division of the Celtic languages,,that division of the Celtic languages,50,100,50
home,one's dwelling or country,,one's dwelling or country,25,100,25
medial,mean or average,,mean or average,50,100,50
omphacine,or expressed from,,or expressed from,33,100,33
modern,present time,,present time,33,100,33
mugiloid,genus Mugil,,genus Mugil,50,100,50
muricoid,genus Murex,,genus Murex,25,100,25
sugar,fresh milk,,fresh milk,20,100,20
royal,crown or the sovereign,,crown or the sovereign,40,100,40
sturnoid,starlings,,starlings,50,100,50
cadaverous,or having the qualities of,,or having the qualities of,30,100,30
jovian,Jove,,Jove,50,100,50
souterly,cobbler or cobblers,,cobbler or cobblers,38,100,38
myrtaceous,large and important natural order of trees and shrubs,,large and important natural order of trees and shrubs,40,100,40
tergal,back,,back,25,100,25
littoral,shore,,shore,40,100,40
tripudiary,dancing,,dancing,29,100,29
neocosmic,universe in its present state,races of men known to history,races of men known to history,44,33,33
canonship,Canopus in egypt,,Canopus in egypt,56,100,56
filial,son or daughter,,son or daughter,17,100,17
menstrual,monthly changes,menses,monthly changes,44,67,44
auditory,hearing,,hearing,27,100,27
missal,Mass,,Mass,50,100,50
pontifical,pontiff,building of bridges,building of bridges,86,30,30
visceroskeletal,framework,,framework,33,100,33
armoric,northwestern part of France,,northwestern part of France,43,100,43
scaphocephalic,or affected with,,or affected with,29,100,29
vinous,wine,,wine,50,100,50
septentrional,north,,north,40,100,40
scottish,inhabitants of Scotland,,inhabitants of Scotland,38,100,38
railway,them and constituting one property,,them and constituting one property,29,100,29
wealden,lowest division of the Cretaceous formation in England and on the Continent,,lowest division of the Cretaceous formation in England and on the Continent,43,100,43
pectosic,or derived from,,or derived from,25,100,25
articular,joints,,joints,17,100,17
adipose,animal fat,,animal fat,29,100,29
buccal,mouth or cheeks,,mouth or cheeks,19,100,19
solar,sun,,sun,33,100,33
oculary,eye,,eye,33,100,33
scotch,Scotland,,Scotland,50,100,50
domestic,one's house or home,nation considered as a family or home,nation considered as a family or home,38,38,38
pyrognostic,characters developed by the use of heat,characters of minerals when examined before the blowpipe,characters of minerals when examined before the blowpipe,27,27,27
ponderary,weight,,weight,17,100,17
hydrometrical,hydrometer,measurement of the velocity,measurement of the velocity,90,31,31
pennaceous,normal feather,,normal feather,30,100,30
libelluloid,dragon fi,,dragon fi,22,100,22
oligistic,hematite,,hematite,25,100,25
plumbic,or containing,,or containing,14,100,14
mundane,world,,world,20,100,20
anguine,snake or serpent,,snake or serpent,29,100,29
semitic,Shem or his descendants,,Shem or his descendants,43,100,43
maiden,maiden,virgin,virgin,100,33,33
nautical,seamen,,seamen,17,100,17
pathognomonic,disease,,disease,14,100,14
ungual,one,,one,33,100,33
atlantic,Mt,isle of Atlantis,Mt,50,75,50
cercal,tail,,tail,50,100,50
hepatorenal,liver and kidneys,,liver and kidneys,27,100,27
venetian,Venice in Italy,,Venice in Italy,50,100,50
spectacular,shows,,shows,20,100,20
omphalomesenteric,umbilicus and mesentery,,umbilicus and mesentery,55,100,55
morbid,disease or diseased parts,,disease or diseased parts,50,100,50
pythian,Delphi,,Delphi,50,100,50
stannary,tin mines,,tin mines,38,100,38
cogitative,power of thinking or meditating,,power of thinking or meditating,50,100,50
saxicoline,stonechats,,stonechats,40,100,40
archaean,earliest period in geological history,,earliest period in geological history,38,100,38
zoogloea,transitory stage through which rapidly multiplying bacteria pass in the course of their evolution,,transitory stage through which rapidly multiplying bacteria pass in the course of their evolution,38,100,38
cretaceous,period of time following the Jurassic and preceding the Eocene,,period of time following the Jurassic and preceding the Eocene,40,100,40
stercoraceous,dung,,dung,25,100,25
hydrometric,hydrometer,measurement of the velocity,measurement of the velocity,90,36,36
hybodont,extinct genus of sharks,,extinct genus of sharks,13,100,13
polish,Poland or its inhabitants,,Poland or its inhabitants,50,100,50
bellic,war,,war,0,100,0
iridal,iris or rainbow,,iris or rainbow,50,100,50
peristeromorphous,pigeons or Columbæ,,pigeons or Columbæ,47,100,47
crusty,hard covering,,hard covering,33,100,33
semiologioal,science of signs,,science of signs,29,100,29
ecclesiastic,church,,church,33,100,33
lamarckism,species and genera,,species and genera,21,100,21
female,woman,,woman,40,100,40
scitamineous,natural order of plants,,natural order of plants,29,100,29
anglo-,English and Americans,English and Danes,English and Danes,50,50,50
cavalier,party of King Charles I,,party of King Charles I,38,100,38
rabbinical,rabbins or rabbis,opinions,opinions,60,38,38
umbratical,shade or darkness,,shade or darkness,20,100,20
tectorial,covering,,covering,50,100,50
saccharine,sugar,,sugar,40,100,40
vulgar,mass,common life,common life,25,17,17
arborary,trees,,trees,20,100,20
military,soldiers,,soldiers,38,100,38
catharical,purgative principle of senna,,purgative principle of senna,40,100,40
hircine,goat or the goats,,goat or the goats,29,100,29
lore,particular subject,,particular subject,50,100,50
ortho-,benzene compounds,,benzene compounds,33,100,33
lettic,Letts,branch of the Slavic family,branch of the Slavic family,60,50,50
lactic,milk,,milk,25,100,25
seminiferous,formation of semen,,formation of semen,42,100,42
typographical,act or act of representing by types or symbols,typography or printing,act or act of representing by types or symbols,38,69,38
polonaise,Poles,,Poles,43,100,43
sublunar,this world,,this world,25,100,25
matutinal,morning,,morning,43,100,43
ischiocapsular,ischium and the capsule of the hip joint,,ischium and the capsule of the hip joint,50,100,50
zooenic,animals,,animals,29,100,29
favillous,ashes,,ashes,29,100,29
rugosa,Paleozoic formations,,Paleozoic formations,33,100,33
glauconite,greensand of the chalk and other formations,,greensand of the chalk and other formations,40,100,40
vehmic,certain secret tribunals flourished in Germany from the end of the 12th century to the middle of the 16th,,certain secret tribunals flourished in Germany from the end of the 12th century to the middle of the 16th,50,100,50
vitreous,glass,,glass,20,100,20
buskined,tragedy,,tragedy,31,100,31
barbaric,uncivilized person or people,,uncivilized person or people,12,100,12
bosporian,Thracian or the Cimmerian Bosporus,,Thracian or the Cimmerian Bosporus,56,100,56
idiomatical,mode of expression peculiar to a language,,mode of expression peculiar to a language,45,100,45
patibulary,gallows,,gallows,29,100,29
thermic,heat,,heat,50,100,50
rotary,motion of a wheel on its axis,,motion of a wheel on its axis,33,100,33
temporofacial,both the temple and the face,,both the temple and the face,38,100,38
orarian,coast,,coast,40,100,40
tabernacular,tabernacle,huts or booths,huts or booths,90,17,17
pectinal,comb,,comb,25,100,25
caprifoliaceous,Honeysuckle family of plants,,Honeysuckle family of plants,40,100,40
pedestrial,feet,,feet,50,100,50
pridian,day before,,day before,24,100,24
relative,chords and keys,,chords and keys,26,100,26
ophelic,substance,,substance,14,100,14
stative,fixed camp,,fixed camp,24,100,24
